first_name,second_name,goals_scored,assists,total_points,minutes,goals_conceded,creativity,influence,threat,bonus,bps,ict_index,clean_sheets,red_cards,yellow_cards,selected_by_percent,now_cost,first_name,second_name,id
Petr,Cech,0,0,24,585,9,0,205,0,3,130,20.4,1,0,0,1.1,48,Petr,Cech,1
Bernd,Leno,0,0,67,1935,29,0,531.6,0,3,382,53.1,3,0,0,2.5,48,Bernd,Leno,2
Laurent,Koscielny,3,0,42,778,12,5.3,322.4,97,5,199,42.4,1,0,1,0.8,54,Laurent,Koscielny,3
Héctor,Bellerín,0,5,60,1532,21,197.8,261.6,280,5,304,73.7,4,0,3,4.7,54,Héctor,Bellerín,4
Nacho,Monreal,1,3,47,1140,17,121.3,282.2,167,4,230,57,2,0,2,0.9,54,Nacho,Monreal,5
Rob,Holding,0,0,24,806,10,28.7,187.8,14,5,148,23.2,1,0,1,0.4,43,Rob,Holding,6
Shkodran,Mustafi,2,0,58,1891,30,54.2,546.6,191,2,359,79.5,4,0,6,1,54,Shkodran,Mustafi,7
Sead,Kolasinac,0,7,66,1436,22,378.1,277.4,203,10,321,85.7,3,0,3,7.3,51,Sead,Kolasinac,8
Calum,Chambers,1,0,34,1686,34,143.2,414.6,296,0,275,85.6,2,0,5,0.9,42,Calum,Chambers,9
Konstantinos,Mavropanos,0,0,1,11,0,0.1,3.4,0,0,4,0.4,0,0,0,0.1,47,Konstantinos,Mavropanos,10
Stephan,Lichtsteiner,0,0,11,769,16,45.6,96.4,19,0,68,16.3,0,0,2,0.8,45,Stephan,Lichtsteiner,11
Sokratis,Papastathopoulos,0,2,41,1568,24,53.3,353.6,43,3,282,45.2,3,0,8,1.1,51,Sokratis,Papastathopoulos,12
Mesut,Özil,4,3,69,1167,15,469.5,319.6,170,9,275,95.9,3,0,1,2.4,79,Mesut,Özil,13
Aaron,Ramsey,2,6,65,980,13,314,293,374,1,212,98.3,5,0,0,0.9,71,Aaron,Ramsey,14
Alex,Iwobi,3,6,74,1429,25,371.4,331,410,1,279,111.1,2,0,0,1.8,54,Alex,Iwobi,15
Mohamed,Elneny,0,0,4,152,1,16.8,38.4,51,0,13,10.6,0,0,0,2.3,42,Mohamed,Elneny,16
Granit,Xhaka,3,2,68,1972,29,488.7,507.4,165,5,360,116.3,5,0,7,2.3,52,Granit,Xhaka,17
Henrikh,Mkhitaryan,6,4,84,1066,18,326.3,376.4,412,12,286,111.6,2,0,0,5,67,Henrikh,Mkhitaryan,18
Reiss,Nelson,0,0,0,0,0,0,0,0,0,0,0,0,0,0,0.4,44,Reiss,Nelson,19
Ainsley,Maitland-Niles,1,1,24,521,11,70.9,147,92,3,101,31,0,0,1,0.4,44,Ainsley,Maitland-Niles,20
Danny,Welbeck,1,1,19,146,3,56.8,73.6,66,3,63,19.5,0,0,0,0.5,64,Danny,Welbeck,21
Alexandre,Lacazette,12,8,134,1829,22,341.9,684.2,928,19,471,195,4,0,2,11,95,Alexandre,Lacazette,22
Pierre-Emerick,Aubameyang,16,6,158,2085,33,369.9,729.6,1011,25,573,210.9,5,0,0,24.4,110,Pierre-Emerick,Aubameyang,23
Asmir,Begovic,0,0,61,1980,42,0,421,0,4,348,42.2,5,0,0,3.1,43,Asmir,Begovic,24
Artur,Boruc,0,0,22,540,11,0,146.2,0,2,106,14.7,2,0,1,8.3,40,Artur,Boruc,25
Simon,Francis,0,2,40,1227,24,173.3,332.4,39,0,244,54.4,4,0,1,0.2,43,Simon,Francis,26
Steve,Cook,1,1,70,2340,47,109.2,627,279,5,453,101.4,7,0,2,5.6,44,Steve,Cook,27
Charlie,Daniels,1,0,34,1258,30,190.8,244.4,144,0,220,58,3,0,3,3.7,41,Charlie,Daniels,28
Adam,Smith,1,0,51,1574,24,132.3,259,100,0,273,49.2,6,1,4,0.5,43,Adam,Smith,29
Tyrone,Mings,0,0,5,141,4,16.3,49,2,0,41,6.8,0,0,0,0.1,42,Tyrone,Mings,30
Nathan,Aké,3,0,84,2511,53,41.5,720.4,313,6,504,107.5,7,0,2,5.1,50,Nathan,Aké,31
Jack,Simpson,0,0,0,0,0,0,0,0,0,0,0,0,0,0,5.9,38,Jack,Simpson,32
Harry,Arter,0,0,40,1757,38,149.6,179.6,142,0,194,47.2,5,0,7,0.2,49,Harry,Arter,33
Marc,Pugh,0,0,0,0,0,0,0,0,0,0,0,0,0,0,0.4,43,Marc,Pugh,34
Andrew,Surman,0,0,31,1258,36,158.9,160.4,36,0,183,35.6,3,0,2,0.2,46,Andrew,Surman,35
Junior,Stanislas,1,3,47,957,23,250.6,187.8,312,3,176,75.1,2,0,1,0.1,60,Junior,Stanislas,36
Dan,Gosling,0,2,38,1354,26,115.3,251.8,155,0,172,52.1,3,0,5,0.1,47,Dan,Gosling,37
Jordon,Ibe,0,1,21,563,18,149.9,71.8,116,0,66,33.7,0,0,0,0.2,50,Jordon,Ibe,38
Lewis,Cook,0,0,22,719,10,50.4,76,36,0,91,16.5,3,0,2,0.1,47,Lewis,Cook,39
Ryan,Fraser,5,9,126,2288,48,929.3,645,483,15,528,206.1,6,0,1,20.3,61,Ryan,Fraser,40
Emerson,Hyndman,0,0,0,0,0,0,0,0,0,0,0,0,0,0,0,45,Emerson,Hyndman,41
David,Brooks,6,4,94,1585,29,330.2,457,522,6,289,131,7,0,2,2.8,50,David,Brooks,42
Callum,Wilson,10,8,114,1726,31,314.8,490.2,753,14,367,155.5,6,0,3,10.4,63,Callum,Wilson,43
Lys,Mousset,1,0,23,286,14,53.5,58.2,106,0,69,21.5,0,0,1,0.2,49,Lys,Mousset,44
Joshua,King,9,3,107,2125,41,415.5,514.4,803,17,357,172.9,7,0,2,6.1,64,Joshua,King,45
Jermain,Defoe,0,0,4,22,2,0,3,23,0,12,2.6,0,0,0,0.4,56,Jermain,Defoe,46
Mathew,Ryan,0,0,71,2070,36,0,473.6,0,7,368,47.4,4,0,1,2.9,44,Mathew,Ryan,47
Lewis,Dunk,2,0,64,2161,37,74.4,564,166,5,399,80.8,5,1,4,2.2,44,Lewis,Dunk,48
Shane,Duffy,5,2,88,2097,36,50.5,727.2,382,6,411,116.1,5,1,4,5.8,47,Shane,Duffy,49
Bruno,Saltor Grau,0,1,31,619,6,65.3,104.4,14,4,132,18.4,3,0,2,0.3,44,Bruno,Saltor Grau,50
Gaëtan,Bong,0,0,41,1625,31,151.1,201.4,8,0,226,35.9,4,0,0,0.1,44,Gaëtan,Bong,51
Markus,Suttner,0,0,0,0,0,0,0,0,0,0,0,0,0,0,4.4,38,Markus,Suttner,52
Ezequiel,Schelotto,0,0,0,0,0,0,0,0,0,0,0,0,0,0,1.8,38,Ezequiel,Schelotto,53
Leon,Balogun,1,0,15,591,10,1.1,134,27,0,86,16.2,0,0,2,0.1,42,Leon,Balogun,54
Anthony,Knockaert,1,5,55,1289,27,371.7,278.2,277,1,209,92.7,2,0,3,0.5,52,Anthony,Knockaert,55
Dale,Stephens,1,0,40,1584,31,122.8,277.4,46,2,235,44.5,3,1,4,3,44,Dale,Stephens,56
Beram,Kayal,1,1,27,707,11,53.6,187.2,49,0,114,29.1,3,0,4,0.4,44,Beram,Kayal,57
Solomon,March,1,5,79,2054,36,596.3,405.2,284,5,293,128.7,5,0,1,0.9,49,Solomon,March,58
Pascal,Groß,2,2,58,1361,22,645.5,327,290,9,263,126.4,2,0,0,1.7,67,Pascal,Groß,59
Davy,Pröpper,1,1,58,2042,36,191.7,321.2,113,3,284,62.8,3,0,2,0.1,48,Davy,Pröpper,60
José Heriberto,Izquierdo Mena,0,2,23,574,6,61.3,59.2,140,0,70,26.1,2,0,1,0.1,59,José Heriberto,Izquierdo Mena,61
Glenn,Murray,10,0,95,1773,32,134.9,369.4,613,13,256,110.4,3,0,3,2.5,63,Glenn,Murray,62
Tomer,Hemed,0,0,0,0,0,0,0,0,0,0,0,0,0,0,0.1,49,Tomer,Hemed,63
Sam,Baldock,0,0,0,0,0,0,0,0,0,0,0,0,0,0,0.3,45,Sam,Baldock,64
Jürgen,Locadia,2,0,45,1005,14,170.6,144.6,332,6,134,64.4,3,0,1,0.4,53,Jürgen,Locadia,65
Florin,Andone,2,0,28,529,7,27.1,97.6,271,2,62,39,1,0,1,0.2,50,Florin,Andone,66
Tom,Heaton,0,0,33,810,9,20,238.4,0,3,168,25.8,2,0,1,0.6,48,Tom,Heaton,67
Nick,Pope,0,0,0,0,0,0,0,0,0,0,0,0,0,0,0.2,48,Nick,Pope,68
Matthew,Lowton,0,0,22,1208,32,103.3,225.6,28,0,193,35.8,3,0,5,0.2,46,Matthew,Lowton,69
Ben,Mee,0,2,63,2520,50,91.1,653,165,4,424,91,6,0,7,1.7,46,Ben,Mee,70
Stephen,Ward,0,0,7,228,6,17.2,48.4,19,0,44,8.5,1,0,1,0.5,47,Stephen,Ward,71
James,Tarkowski,3,1,73,2186,45,45.8,760.4,361,4,381,116.9,5,0,5,4.4,47,James,Tarkowski,72
Kevin,Long,0,1,16,513,9,11.6,147.8,8,0,101,16.8,1,0,0,0.3,41,Kevin,Long,73
Charlie,Taylor,0,0,57,2340,46,189.6,458.2,27,1,371,67.6,5,0,2,0.4,44,Charlie,Taylor,74
Phil,Bardsley,0,0,28,1310,18,98.3,227.6,63,0,176,38.9,3,0,8,0.2,42,Phil,Bardsley,75
Johann Berg,Gudmundsson,2,6,73,1490,32,483.3,361.2,323,5,275,116.9,5,0,2,1.1,55,Johann Berg,Gudmundsson,76
Steven,Defour,0,0,10,449,14,36.6,61.4,0,0,70,9.9,0,0,0,0,53,Steven,Defour,77
Jeff,Hendrick,1,2,51,1418,34,145.5,157,207,3,179,51,2,0,3,0.2,52,Jeff,Hendrick,78
Robbie,Brady,0,1,15,598,12,164.6,84.2,81,0,59,33.1,1,1,3,0,54,Robbie,Brady,79
Ashley,Westwood,0,6,69,1921,37,461.5,400.2,146,5,346,101.2,5,0,4,2.8,46,Ashley,Westwood,80
Jonathan,Walters,0,0,0,0,0,0,0,0,0,0,0,0,0,0,0,47,Jonathan,Walters,81
Jack,Cork,1,2,66,2412,45,215.2,376.6,186,0,337,78,6,0,5,0.6,46,Jack,Cork,82
Aaron,Lennon,1,1,41,1214,22,121.2,151.6,108,2,133,38,3,0,1,0.3,49,Aaron,Lennon,83
Sam,Vokes,3,0,48,907,20,108.6,152,292,7,130,54.3,2,0,0,0.7,53,Sam,Vokes,84
Ashley,Barnes,8,3,88,1502,24,230,384.8,711,10,268,132,5,0,5,3.1,57,Ashley,Barnes,85
Nahki,Wells,0,0,0,0,0,0,0,0,0,0,0,0,0,0,0.8,45,Nahki,Wells,86
Chris,Wood,7,0,85,1756,34,185.5,319.2,623,12,242,111.7,5,0,2,1.3,62,Chris,Wood,87
Neil,Etheridge,0,0,114,2520,55,10,812.4,0,15,563,82,7,0,2,12.7,47,Neil,Etheridge,88
Alex,Smithies,0,0,0,0,0,0,0,0,0,0,0,0,0,0,0.1,43,Alex,Smithies,89
Sean,Morrison,0,4,64,2139,49,183.2,446.8,358,2,341,98.9,6,0,4,0.3,47,Sean,Morrison,90
Sol,Bamba,4,1,96,2430,50,51,779,304,11,462,113.4,7,0,6,4.9,47,Sol,Bamba,91
Bruno,Ecuele Manga,0,1,69,2520,55,102.9,505.2,104,2,425,71.5,7,0,0,0.4,44,Bruno,Ecuele Manga,92
Matthew,Connolly,0,0,0,0,0,0,0,0,0,0,0,0,0,0,2.6,38,Matthew,Connolly,93
Joe,Bennett,0,1,54,1768,36,186.5,318.8,43,4,294,54.9,6,0,2,0.4,44,Joe,Bennett,94
Lee,Peltier,0,0,19,642,12,21.9,126.6,6,0,99,15.5,2,0,1,4,39,Lee,Peltier,95
Ashley Darel Jazz,Richards,0,0,1,97,4,1.5,12.2,0,0,11,1.5,0,0,0,0.5,39,Ashley Darel Jazz,Richards,96
Greg,Halford,0,0,0,0,0,0,0,0,0,0,0,0,0,0,0,40,Greg,Halford,97
Joe,Ralls,0,0,35,1574,33,393.8,222.4,155,0,180,76.9,4,1,3,0.1,46,Joe,Ralls,98
David Junior,Hoilett,2,1,53,1510,38,183.1,169.6,288,1,138,63.4,4,0,4,0.1,50,David Junior,Hoilett,99
Nathaniel,Mendez-Laing,1,0,25,502,10,99.7,123.6,140,1,99,36.5,2,0,0,0,48,Nathaniel,Mendez-Laing,100
Callum,Paterson,4,2,78,1956,41,310.8,266.4,539,4,221,111.4,5,0,4,0.8,50,Callum,Paterson,101
Aron,Gunnarsson,1,1,48,1449,26,151.4,265.8,139,3,197,55.6,5,0,3,0.9,44,Aron,Gunnarsson,102
Anthony,Pilkington,0,0,0,0,0,0,0,0,0,0,0,0,0,0,0.1,44,Anthony,Pilkington,103
Loïc,Damour,0,0,2,21,2,1,0.6,8,0,6,0.9,0,0,0,0.1,43,Loïc,Damour,104
Danny,Ward,1,0,19,331,11,56.7,60.2,69,0,58,18.3,0,0,0,0.2,43,Danny,Ward,105
Josh,Murphy,3,0,55,1306,24,147.1,195.6,459,1,116,79.4,5,0,1,0.3,48,Josh,Murphy,106
Kenneth,Zohore,1,1,23,438,13,95.5,80,219,2,57,39.4,1,0,1,0.6,46,Kenneth,Zohore,107
Omar,Bogle,0,0,0,0,0,0,0,0,0,0,0,0,0,0,0.1,45,Omar,Bogle,108
Gary,Madine,0,0,5,32,3,1.5,2,8,0,13,1,0,0,0,0.9,44,Gary,Madine,109
Bobby,Reid,4,3,66,1156,24,162,241.6,296,7,220,69.5,3,0,0,1.3,52,Bobby,Reid,110
Thibaut,Courtois,0,0,0,0,0,0,0,0,0,0,0,0,0,0,0.5,55,Thibaut,Courtois,111
Willy,Caballero,0,0,6,90,0,0,3.6,0,0,19,0.4,1,0,0,0.1,47,Willy,Caballero,112
César,Azpilicueta,0,4,110,2430,29,408,562.4,132,7,596,110.7,12,0,1,8.1,63,César,Azpilicueta,113
Gary,Cahill,0,0,1,21,0,0,2.8,0,0,3,0.3,0,0,0,0.5,50,Gary,Cahill,114
Marcos,Alonso,1,7,134,2309,24,408.8,481,364,19,588,125.6,12,0,5,27.6,64,Marcos,Alonso,115
David,Luiz Moreira Marinho,2,2,122,2340,27,277.2,643.6,243,16,596,116.2,12,0,3,12.1,59,David,Luiz Moreira Marinho,116
Victor,Moses,0,0,2,26,1,12.7,1.2,6,0,3,2,0,0,0,1.3,55,Victor,Moses,117
Antonio,Rüdiger,1,1,98,2318,29,135.1,478.4,236,7,515,85.1,11,0,4,3.4,59,Antonio,Rüdiger,118
Andreas,Christensen,0,0,6,180,2,3.3,42,0,0,42,4.5,1,0,1,0.4,50,Andreas,Christensen,119
Davide,Zappacosta,0,0,2,18,0,0.4,3.8,21,0,5,2.5,0,0,0,0.1,50,Davide,Zappacosta,120
Emerson,Palmieri dos Santos,0,0,3,120,5,8.4,21,13,0,23,4.3,0,0,0,0.1,52,Emerson,Palmieri dos Santos,121
Eden,Hazard,12,10,166,2074,26,1003.6,907.6,1064,21,599,297.9,9,0,2,24.4,108,Eden,Hazard,122
Cesc,Fàbregas,0,0,6,175,2,58.5,37,14,0,36,10.9,0,0,1,0.3,62,Cesc,Fàbregas,123
Willian,Borges Da Silva,3,5,87,1646,20,918.8,447.4,586,3,389,195.3,10,0,1,3.9,71,Willian,Borges Da Silva,124
Pedro,Rodríguez Ledesma,8,1,95,1310,15,314.9,443,603,12,353,135.7,5,0,1,3.3,63,Pedro,Rodríguez Ledesma,125
N'Golo,Kanté,3,4,93,2408,29,596.8,532.8,274,3,441,140.4,12,0,3,18.9,50,N'Golo,Kanté,126
Ross,Barkley,3,4,65,890,10,235,257.4,326,5,229,81.5,6,0,1,1.4,51,Ross,Barkley,127
Daniel,Drinkwater,0,0,0,0,0,0,0,0,0,0,0,0,0,0,0.1,46,Daniel,Drinkwater,128
Tiemoué,Bakayoko,0,0,0,0,0,0,0,0,0,0,0,0,0,0,0.1,49,Tiemoué,Bakayoko,129
Ethan,Ampadu,0,0,0,0,0,0,0,0,0,0,0,0,0,0,0,44,Ethan,Ampadu,130
Callum,Hudson-Odoi,0,0,4,74,1,5.1,3.2,6,0,13,1.2,0,0,0,2.2,42,Callum,Hudson-Odoi,131
Ruben,Loftus-Cheek,3,0,34,385,4,83.9,159,123,3,118,36.5,1,0,0,0.4,52,Ruben,Loftus-Cheek,132
Olivier,Giroud,1,4,43,657,4,224.3,146,326,2,130,68.6,5,0,1,1.8,77,Olivier,Giroud,133
Álvaro,Morata,5,0,46,936,11,130.2,219.8,523,3,119,86.3,6,0,3,1.4,84,Álvaro,Morata,134
Wayne,Hennessey,0,0,64,1485,25,0,333.8,0,6,295,33.4,5,0,0,2.9,45,Wayne,Hennessey,135
Julian,Speroni,0,0,1,90,4,0,31.4,0,0,16,3.1,0,0,0,11.2,39,Julian,Speroni,136
Vicente,Guaita,0,0,41,944,9,0,149.6,0,2,178,15,4,0,2,1.6,42,Vicente,Guaita,137
James,Tomkins,1,1,71,2129,32,71.2,466.4,240,0,419,78.1,8,0,5,3.3,43,James,Tomkins,138
Scott,Dann,0,0,2,14,0,0,0.2,0,0,6,0,0,0,0,0,44,Scott,Dann,139
Martin,Kelly,0,0,12,480,9,5.7,118.6,6,1,72,13.1,1,0,1,4.8,39,Martin,Kelly,140
Jeffrey,Schlupp,4,2,71,1189,20,170.7,330.2,357,3,226,86,2,0,1,2.8,44,Jeffrey,Schlupp,141
Patrick,van Aanholt,1,2,100,2476,35,431,448,368,13,464,124.8,9,0,3,4.9,54,Patrick,van Aanholt,142
Mamadou,Sakho,0,0,88,2416,35,78.2,540.6,47,13,533,66.6,9,0,2,1.8,49,Mamadou,Sakho,143
Jairo,Riedewald,0,0,0,0,0,0,0,0,0,0,0,0,0,0,0,43,Jairo,Riedewald,144
Aaron,Wan-Bissaka,0,1,84,2234,32,198.2,595.6,127,14,462,92.3,9,1,4,26.6,45,Aaron,Wan-Bissaka,145
Jason,Puncheon,0,0,14,369,6,66.6,34,35,0,46,13.6,1,0,1,1.4,42,Jason,Puncheon,146
James,McArthur,2,5,89,2293,35,383.3,489,325,5,353,119.8,9,0,6,3.1,48,James,McArthur,147
Bakary,Sako,0,0,1,1,0,0,0,0,0,4,0,0,0,0,0,49,Bakary,Sako,148
Andros,Townsend,4,3,98,2469,36,779.3,549,428,5,381,175.8,9,0,1,4.1,59,Andros,Townsend,149
Luka,Milivojevic,8,1,115,2520,38,621.3,780.8,380,17,517,178.3,9,0,8,7,62,Luka,Milivojevic,150
Wilfried,Zaha,7,5,90,2153,35,536.6,508,894,9,283,193.9,7,1,7,12,68,Wilfried,Zaha,151
Christian,Benteke,0,0,13,479,7,65.6,18.4,247,0,9,32.1,2,0,0,0.4,63,Christian,Benteke,152
Alexander,Sørloth,0,0,12,173,3,38.3,19.2,59,0,32,11.3,0,0,0,0.1,48,Alexander,Sørloth,153
Jordan,Pickford,0,0,104,2520,39,10,605.8,0,10,485,61.5,7,0,1,12.7,49,Jordan,Pickford,154
Maarten,Stekelenburg,0,0,0,0,0,0,0,0,0,0,0,0,0,0,3.4,39,Maarten,Stekelenburg,155
Leighton,Baines,0,0,7,374,6,91.4,48.4,15,0,48,15.4,0,0,0,0.5,50,Leighton,Baines,156
Seamus,Coleman,1,1,66,1838,28,256,347.4,139,5,339,74.1,6,0,1,1.1,52,Seamus,Coleman,157
Phil,Jagielka,0,0,4,143,2,10.2,15.4,4,0,23,2.9,1,1,0,0.4,43,Phil,Jagielka,158
Ashley,Williams,0,0,0,0,0,0,0,0,0,0,0,0,0,0,0,45,Ashley,Williams,159
Mason,Holgate,0,0,5,407,9,5,92.2,2,0,61,9.9,0,0,1,0.1,43,Mason,Holgate,160
Jonjoe,Kenny,0,1,19,703,12,100,155,12,0,130,26.6,1,0,0,0.2,42,Jonjoe,Kenny,161
Michael,Keane,1,2,90,2250,34,78.7,567.8,268,14,455,91.8,7,0,2,3.8,49,Michael,Keane,162
Cuco,Martina,0,0,0,0,0,0,0,0,0,0,0,0,0,0,0,45,Cuco,Martina,163
Theo,Walcott,3,3,81,1843,31,321.9,319,516,4,225,115.2,6,0,0,2.7,60,Theo,Walcott,164
Yannick,Bolasie,0,0,0,0,0,0,0,0,0,0,0,0,0,0,0.1,58,Yannick,Bolasie,165
James,McCarthy,0,0,0,0,0,0,0,0,0,0,0,0,0,0,0,44,James,McCarthy,166
Morgan,Schneiderlin,0,1,14,375,7,85.5,73.4,10,0,80,16.9,1,0,1,2,42,Morgan,Schneiderlin,167
Idrissa,Gueye,0,1,49,1962,25,202.1,438.6,68,0,309,70.9,6,0,5,0.3,47,Idrissa,Gueye,168
Tom,Davies,0,0,23,965,19,95.3,122.2,85,0,122,30.3,2,0,3,0.1,51,Tom,Davies,169
Ademola,Lookman,0,2,25,526,6,154.5,113.8,144,0,97,41.4,1,0,0,0.1,51,Ademola,Lookman,170
Davy,Klaassen,0,0,0,0,0,0,0,0,0,0,0,0,0,0,0,60,Davy,Klaassen,171
Gylfi,Sigurdsson,11,3,135,2255,34,741.7,716.2,761,17,498,221.8,8,0,3,5.7,72,Gylfi,Sigurdsson,172
Nikola,Vlasic,0,0,0,0,0,0,0,0,0,0,0,0,0,0,0,50,Nikola,Vlasic,173
Beni,Baningime,0,0,0,0,0,0,0,0,0,0,0,0,0,0,0.1,43,Beni,Baningime,174
Dominic,Calvert-Lewin,5,2,61,997,21,90.2,225,295,3,195,60,1,0,3,1.4,53,Dominic,Calvert-Lewin,175
Oumar,Niasse,0,0,15,427,6,61.8,31.6,156,0,18,24.8,2,0,0,0.4,50,Oumar,Niasse,176
Cenk,Tosun,2,3,43,913,15,128.8,163,436,0,122,72.5,1,0,3,1.5,65,Cenk,Tosun,177
Marcus,Bettinelli,0,0,15,630,20,0,195,0,0,114,19.4,0,0,1,0.3,43,Marcus,Bettinelli,178
David,Button,0,0,15,360,5,0,89.2,0,2,76,8.9,1,0,0,3.3,40,David,Button,179
Tim,Ream,0,0,26,1345,38,41.7,200.8,2,3,204,24.6,2,0,0,0.2,42,Tim,Ream,180
Denis,Odoi,0,1,34,2295,57,160.8,516.8,55,2,376,73.5,2,0,4,0.1,44,Denis,Odoi,181
Tom,Cairney,0,1,43,1423,33,376.9,204.8,95,0,252,67.8,3,0,0,0.4,46,Tom,Cairney,182
Kevin,McDonald,0,0,12,690,23,67.5,76.6,15,0,89,16,0,1,3,0.2,42,Kevin,McDonald,183
Ryan,Sessegnon,2,6,70,1526,46,352.3,335.2,296,3,227,98.6,0,0,0,1.9,60,Ryan,Sessegnon,184
Stefan,Johansen,0,0,11,409,12,33,48.8,7,0,48,9,0,0,4,0,50,Stefan,Johansen,185
Floyd,Ayité,0,0,8,163,4,6.9,13.2,9,0,20,2.7,0,0,0,0.1,43,Floyd,Ayité,186
Neeskens,Kebano,0,0,4,58,2,6.7,8.4,4,0,14,2,0,0,0,0,43,Neeskens,Kebano,187
Rui Pedro,da Rocha Fonte,0,0,0,0,0,0,0,0,0,0,0,0,0,0,0.1,44,Rui Pedro,da Rocha Fonte,188
Aboubakar,Kamara,3,0,28,688,17,149.5,150,244,2,82,53.1,1,0,2,6.7,45,Aboubakar,Kamara,189
Ben,Hamer,0,0,5,282,11,0,97.8,0,0,50,9.7,0,0,0,6,40,Ben,Hamer,190
Jonas,Lössl,0,0,85,2237,39,20.3,620.2,0,6,449,63.9,5,0,0,1.8,44,Jonas,Lössl,191
Christopher,Schindler,1,1,67,2450,50,33.4,497,143,7,393,67.5,5,1,4,2.4,42,Christopher,Schindler,192
Chris,Löwe,0,2,38,1534,38,295.4,252.8,96,6,243,64.3,1,0,1,0.1,44,Chris,Löwe,193
Tommy,Smith,0,0,4,556,19,45.8,83,14,0,75,14.3,1,1,2,0.1,44,Tommy,Smith,194
Mathias,Jorgensen,3,1,66,2057,36,101.9,521,159,4,385,78.4,3,0,6,2.9,44,Mathias,Jorgensen,195
Scott,Malone,0,0,0,0,0,0,0,0,0,0,0,0,0,0,1.2,40,Scott,Malone,196
Florent,Hadergjonaj,0,0,49,1724,31,362,256.6,80,1,287,69.8,4,0,1,0.1,44,Florent,Hadergjonaj,197
Terence,Kongolo,1,0,49,1906,41,109,360,115,3,297,58.4,4,0,3,0.2,43,Terence,Kongolo,198
Aaron,Mooy,2,0,52,1639,29,556.1,348.6,258,3,291,116.4,3,0,2,1,50,Aaron,Mooy,199
Rajiv,van La Parra,0,0,10,405,6,57.6,27.8,41,0,13,12.6,1,0,0,0,46,Rajiv,van La Parra,200
Jonathan,Hogg,0,1,43,1759,27,216.4,300.6,41,3,271,55.9,5,1,5,0.3,44,Jonathan,Hogg,201
Philip,Billing,2,0,60,2017,38,325.6,476.4,336,4,301,114,5,0,6,1.4,45,Philip,Billing,202
Tom,Ince,0,0,0,0,0,0,0,0,0,0,0,0,0,0,0,50,Tom,Ince,203
Danny,Williams,0,0,4,83,0,1.1,5,1,0,6,0.6,1,0,1,0,45,Danny,Williams,204
Abdelhamid,Sabiri,0,0,2,48,3,0.5,4.2,2,0,6,0.7,0,0,0,0,43,Abdelhamid,Sabiri,205
Alex,Pritchard,1,0,48,1505,27,349.7,189.6,408,0,162,94.6,6,0,1,0.1,48,Alex,Pritchard,206
Ramadan,Sobhi,0,0,4,75,2,48.2,15.4,6,0,13,6.9,0,0,0,0.1,47,Ramadan,Sobhi,207
Juninho,Bacuna,0,0,16,651,18,134.7,111.6,37,0,87,28.4,0,0,2,0.4,42,Juninho,Bacuna,208
Collin,Quaner,0,0,2,37,2,13.7,2.2,0,0,3,1.6,0,0,0,3.5,43,Collin,Quaner,209
Laurent,Depoitre,0,1,34,1058,23,124.3,51.6,381,0,40,54.8,0,0,1,0.4,51,Laurent,Depoitre,210
Steve,Mounie,2,4,58,1414,25,239.4,218.4,678,4,146,111.8,5,1,0,0.2,58,Steve,Mounie,211
Elias,Kachunga,0,0,21,879,20,100.8,69.4,108,0,28,27.3,1,0,1,0.1,48,Elias,Kachunga,212
Kasper,Schmeichel,0,0,86,2520,39,0,527.8,4,6,445,53,7,0,2,4.8,50,Kasper,Schmeichel,213
Eldin,Jakupovic,0,0,0,0,0,0,0,0,0,0,0,0,0,0,0.1,43,Eldin,Jakupovic,214
Wes,Morgan,1,0,46,1480,23,37.3,307.8,197,2,256,54.3,5,2,1,0.9,45,Wes,Morgan,215
Christian,Fuchs,0,0,2,180,5,85.4,44.2,14,0,35,14.3,0,0,0,0.4,41,Christian,Fuchs,216
Danny,Simpson,0,0,11,275,4,12.5,73.4,2,0,47,8.8,1,0,0,0.2,42,Danny,Simpson,217
Yohan,Benalouane,0,0,0,0,0,0,0,0,0,0,0,0,0,0,0.8,39,Yohan,Benalouane,218
Benjamin,Chilwell,0,3,83,2340,34,449.3,495,220,8,405,116.9,7,0,3,2.4,50,Benjamin,Chilwell,219
Harry,Maguire,3,1,73,1963,33,133.5,569.4,387,8,412,108.9,4,0,5,9.1,54,Harry,Maguire,220
Ricardo Domingos,Barbosa Pereira,2,6,104,2223,36,384.8,662.6,308,14,479,135.5,7,0,5,14.6,54,Ricardo Domingos,Barbosa Pereira,221
Jonny,Evans,1,0,49,1273,19,50.5,277.8,129,1,259,45.8,5,0,2,0.4,48,Jonny,Evans,222
Riyad,Mahrez,5,2,72,1015,7,296.2,308.8,548,9,235,115.2,3,0,0,1.8,82,Riyad,Mahrez,223
Marc,Albrighton,2,2,52,1300,15,327.8,322.8,197,4,237,84.8,3,0,3,0.4,51,Marc,Albrighton,224
Demarai,Gray,4,1,69,1537,23,241.1,292.4,508,3,200,103.9,5,0,2,0.9,54,Demarai,Gray,225
Daniel,Amartey,0,0,15,639,9,46.7,139,21,0,103,20.8,1,0,2,0.2,43,Daniel,Amartey,226
Wilfred,Ndidi,2,0,69,2488,38,246.3,517.4,285,4,401,105,7,0,7,0.8,49,Wilfred,Ndidi,227
Vicente,Iborra,0,0,9,224,4,27.8,26.8,25,0,31,8,0,0,0,0,47,Vicente,Iborra,228
Matty,James,0,0,0,0,0,0,0,0,0,0,0,0,0,0,0,44,Matty,James,229
Hamza,Choudhury,0,0,11,332,3,30.5,67.2,41,0,41,14,2,0,0,0.1,43,Hamza,Choudhury,230
Adrien Sebastian,Perruchet Silva,0,0,3,87,1,6.3,14.2,0,0,16,2.1,0,0,0,0.2,47,Adrien Sebastian,Perruchet Silva,231
Fousseni,Diabaté,0,0,1,54,1,15.8,7.4,0,0,4,2.3,0,0,0,0,46,Fousseni,Diabaté,232
James,Maddison,5,5,95,1986,35,1107.2,578.2,526,8,453,220.9,5,1,2,4.7,66,James,Maddison,233
Jamie,Vardy,9,3,98,1835,28,256.5,448.6,757,17,313,146,8,1,3,5.1,88,Jamie,Vardy,234
Shinji,Okazaki,0,1,22,198,4,24.6,40.4,69,0,54,13.2,0,0,0,0.5,52,Shinji,Okazaki,235
Kelechi,Iheanacho,1,5,53,881,15,206.3,131.4,206,3,150,53.8,1,0,1,0.9,57,Kelechi,Iheanacho,236
Simon,Mignolet,0,0,0,0,0,0,0,0,0,0,0,0,0,0,0.1,47,Simon,Mignolet,237
Loris,Karius,0,0,0,0,0,0,0,0,0,0,0,0,0,0,0.1,49,Loris,Karius,238
Dejan,Lovren,1,1,54,810,5,27,196.8,68,9,207,29.2,5,0,1,1.6,49,Dejan,Lovren,239
Alberto,Moreno,0,0,4,154,2,42,20,5,0,24,6.7,0,0,0,0.2,41,Alberto,Moreno,240
Nathaniel,Clyne,0,0,20,648,11,44.8,121.8,42,0,110,20.8,2,0,1,0.8,44,Nathaniel,Clyne,241
Joseph,Gomez,0,0,52,1047,4,91.8,208.6,44,2,259,34.5,7,0,2,1,48,Joseph,Gomez,242
Joel,Matip,1,0,50,815,7,23,242.8,63,5,218,32.9,5,0,3,0.7,49,Joel,Matip,243
Ragnar,Klavan,0,0,0,0,0,0,0,0,0,0,0,0,0,0,0,44,Ragnar,Klavan,244
Trent,Alexander-Arnold,1,6,112,1605,8,459.9,431.6,188,11,456,107.8,11,0,3,15.3,53,Trent,Alexander-Arnold,245
Virgil,van Dijk,3,3,154,2484,15,69.5,741.2,382,15,691,119.4,15,0,1,28.7,65,Virgil,van Dijk,246
Andrew,Robertson,0,9,163,2323,13,512,540.6,216,24,669,126.9,16,0,2,38.4,68,Andrew,Robertson,247
Alex,Oxlade-Chamberlain,0,0,0,0,0,0,0,0,0,0,0,0,0,0,0,64,Alex,Oxlade-Chamberlain,248
Jordan,Henderson,0,0,40,1321,10,193,204.2,51,0,257,45.1,7,1,0,0.6,53,Jordan,Henderson,249
Adam,Lallana,0,1,17,307,2,96.8,47.8,73,0,64,21.8,2,0,1,0.7,69,Adam,Lallana,250
Sadio,Mané,14,2,156,2183,14,437.8,684.2,964,16,478,208.6,14,0,1,23.3,97,Sadio,Mané,251
Georginio,Wijnaldum,2,1,78,2018,10,275.1,309.4,278,6,327,86.4,14,0,3,1.1,55,Georginio,Wijnaldum,252
Mohamed,Salah,17,8,195,2373,13,750.5,921,1533,15,541,320.7,16,0,0,48.6,135,Mohamed,Salah,253
James,Milner,3,5,83,1565,11,628,459.6,296,11,362,138.8,9,1,3,2.6,56,James,Milner,254
Fabio Henrique,Tavares,1,2,49,1365,8,209.5,320,150,0,219,68.1,8,0,3,0.6,55,Fabio Henrique,Tavares,255
Naby,Keita,0,1,42,1060,6,156.6,172.6,284,0,154,61.4,7,0,0,1.6,71,Naby,Keita,256
Roberto,Firmino,9,6,122,2058,11,503.5,580.2,952,17,499,202.9,16,0,0,15.8,92,Roberto,Firmino,257
Danny,Ings,7,1,73,1249,20,232.4,365.8,655,11,261,125.3,4,0,1,3,54,Danny,Ings,258
Dominic,Solanke,0,0,5,182,3,25.8,32.8,95,0,13,15.4,0,0,0,0.5,47,Dominic,Solanke,259
Ederson,Santana de Moraes,0,1,118,2520,20,33,434.8,0,4,506,46.8,13,0,2,20.4,56,Ederson,Santana de Moraes,260
Claudio,Bravo,0,0,0,0,0,0,0,0,0,0,0,0,0,0,0.1,48,Claudio,Bravo,261
John,Stones,0,0,65,1523,15,105.2,326.4,30,7,358,46.1,7,0,1,5.1,52,John,Stones,262
Vincent,Kompany,0,0,27,643,4,28.2,162.8,30,2,154,22.2,3,0,4,1.1,52,Vincent,Kompany,263
Nicolás,Otamendi,0,0,52,958,6,31.2,226.2,77,2,273,33.4,7,0,0,2.7,60,Nicolás,Otamendi,264
Kyle,Walker,1,1,99,1898,14,248.4,368.6,120,6,463,73.7,11,0,1,11.2,64,Kyle,Walker,265
Danilo Luiz,da Silva,1,0,36,712,7,112.7,151.8,99,5,163,36.4,3,0,1,1,51,Danilo Luiz,da Silva,266
Benjamin,Mendy,0,6,57,810,5,213.3,231.2,63,6,250,50.6,4,0,1,6,61,Benjamin,Mendy,267
Aymeric,Laporte,2,1,113,2336,19,164.2,559,196,4,538,92.2,12,0,3,10.2,60,Aymeric,Laporte,268
Fabian,Delph,0,1,29,722,9,97.8,153.8,24,2,186,27.5,3,1,1,0.3,53,Fabian,Delph,269
Raheem,Sterling,12,13,174,1989,17,744.8,815.6,1112,20,596,267.4,10,0,2,12.4,113,Raheem,Sterling,270
David,Silva,6,4,106,1713,12,826.4,543,889,11,463,225.9,10,0,1,4.2,85,David,Silva,271
Fernando,Luiz Rosa,1,3,73,2168,15,351.6,502.8,191,4,409,104.8,11,0,5,3.5,53,Fernando,Luiz Rosa,272
Kevin,De Bruyne,1,1,31,620,2,304.4,154.6,180,2,150,63.9,4,0,2,4,97,Kevin,De Bruyne,273
Ilkay,Gündogan,5,2,80,1321,12,456.9,374.6,385,8,349,121.7,7,0,2,2.3,54,Ilkay,Gündogan,274
Leroy,Sané,8,11,131,1495,12,550.9,586.6,828,13,439,196.7,7,0,1,10.2,95,Leroy,Sané,275
Bernardo Mota,Veiga de Carvalho e Silva,5,7,112,2104,19,733.8,567.6,683,11,476,198.7,9,0,3,7.3,75,Bernardo Mota,Veiga de Carvalho e Silva,276
Phil,Foden,0,0,9,97,0,65.4,18.8,71,0,37,15.5,0,0,0,0.1,45,Phil,Foden,277
Brahim,Diaz,0,0,0,0,0,0,0,0,0,0,0,0,0,0,0,47,Brahim,Diaz,278
Oleksandr,Zinchenko,0,3,22,413,2,132.3,147.8,30,1,111,31,3,0,0,0.1,47,Oleksandr,Zinchenko,279
Sergio,Agüero,18,8,158,1748,13,373,785.2,1239,21,598,239.6,11,0,4,37.3,117,Sergio,Agüero,280
Gabriel Fernando,de Jesus,6,2,64,838,10,235.1,322.4,736,7,220,129.5,1,0,0,1.6,99,Gabriel Fernando,de Jesus,281
David,De Gea,0,0,102,2520,36,0,669.2,0,7,510,66.9,7,0,1,16.7,57,David,De Gea,282
Sergio,Romero,0,0,0,0,0,0,0,0,0,0,0,0,0,0,0.1,49,Sergio,Romero,283
Chris,Smalling,1,0,49,1407,20,17.3,310.8,138,3,246,46.7,4,0,1,1.3,56,Chris,Smalling,284
Phil,Jones,0,1,36,876,10,29.4,196,35,3,197,26.2,3,0,0,0.6,51,Phil,Jones,285
Luke,Shaw,1,3,72,1961,28,368,451,215,6,375,103.5,6,0,9,9.2,51,Luke,Shaw,286
Marcos,Rojo,0,0,-1,103,3,1.5,14.2,24,0,1,4,0,0,1,0.1,49,Marcos,Rojo,287
Antonio,Valencia,0,0,16,450,5,99.1,59.8,3,1,90,16.2,2,0,2,0.7,64,Antonio,Valencia,288
Matteo,Darmian,0,0,13,361,6,34.3,77.4,7,2,69,11.9,1,0,0,0.2,46,Matteo,Darmian,289
Daley,Blind,0,0,0,0,0,0,0,0,0,0,0,0,0,0,0,50,Daley,Blind,290
Eric,Bailly,0,0,14,566,12,3.1,113.6,8,0,99,12.6,1,1,0,1.3,50,Eric,Bailly,291
Victor,Lindelöf,1,1,77,1978,26,67.7,440.4,96,9,417,60.5,6,0,1,6.2,50,Victor,Lindelöf,292
Ashley,Young,2,3,66,1837,29,475.8,408.2,104,3,345,98.9,4,0,7,1.9,57,Ashley,Young,293
José Diogo,Dalot Teixeira,0,1,18,558,6,148.4,98.4,48,0,95,29.5,1,0,2,0.1,53,José Diogo,Dalot Teixeira,294
Alexis,Sánchez,1,5,43,733,9,269.4,196.2,291,1,150,75.6,2,0,3,1.2,100,Alexis,Sánchez,295
Nemanja,Matic,1,0,51,2036,29,235,417.6,169,2,317,82.3,6,1,5,0.7,50,Nemanja,Matic,296
Juan,Mata,2,3,53,997,12,315.9,187.8,216,5,213,72.2,4,0,2,1,61,Juan,Mata,297
Marouane,Fellaini,0,2,26,746,14,65.6,172.2,145,0,119,38.1,1,0,1,0.4,48,Marouane,Fellaini,298
Ander,Herrera,2,3,57,1208,16,213.3,369,224,6,273,80.7,4,0,3,0.8,50,Ander,Herrera,299
Jesse,Lingard,4,3,70,1278,18,238.4,272,323,5,236,83.2,3,0,2,3.2,67,Jesse,Lingard,300
Anthony,Martial,9,3,102,1269,18,421.3,460.6,570,12,327,145,4,0,2,4.3,72,Anthony,Martial,301
Paul,Pogba,11,10,151,2107,25,597.3,902.4,1013,16,530,251.6,8,0,3,45.4,89,Paul,Pogba,302
Scott,McTominay,0,0,15,448,9,12.9,67.6,41,0,70,12.1,1,0,0,0.8,42,Scott,McTominay,303
Frederico,Rodrigues de Paula Santos,1,0,24,652,11,152.2,129.2,66,3,106,34.8,1,0,2,1.2,54,Frederico,Rodrigues de Paula Santos,304
Marcus,Rashford,9,7,106,1616,20,358.8,543.6,766,13,359,166.6,6,1,3,31.6,77,Marcus,Rashford,305
Romelu,Lukaku,10,1,92,1602,27,239.8,442.4,810,11,310,149.4,4,0,3,3.9,107,Romelu,Lukaku,306
Robert,Elliot,0,0,0,0,0,0,0,0,0,0,0,0,0,0,0.2,43,Robert,Elliot,307
Karl,Darlow,0,0,0,0,0,0,0,0,0,0,0,0,0,0,0.1,44,Karl,Darlow,308
Martin,Dubravka,0,0,105,2520,34,0,641.4,0,8,507,64.1,9,0,0,0.9,50,Martin,Dubravka,309
DeAndre,Yedlin,1,1,55,2112,34,365,394.2,89,1,290,85,5,1,6,1.3,45,DeAndre,Yedlin,310
Ciaran,Clark,3,0,42,857,15,25,293.2,105,4,194,42.6,2,0,1,0.2,45,Ciaran,Clark,311
Jamaal,Lascelles,0,1,76,2070,25,45.2,495.4,90,7,413,63.3,8,0,3,3.9,46,Jamaal,Lascelles,312
Paul,Dummett,0,0,46,1271,17,75.5,266.2,31,3,244,37.3,5,0,0,0.1,44,Paul,Dummett,313
Florian,Lejeune,0,0,25,630,5,24.8,133.6,34,0,136,19.2,3,0,0,0.1,44,Florian,Lejeune,314
Javier,Manquillo,0,2,39,648,9,83.9,149.6,7,5,155,24.2,3,0,1,0.3,43,Javier,Manquillo,315
Chancel,Mbemba,0,0,0,0,0,0,0,0,0,0,0,0,0,0,0.1,40,Chancel,Mbemba,316
Matt,Ritchie,1,4,71,2062,27,678.7,432,296,4,321,140.6,8,0,8,0.6,58,Matt,Ritchie,317
Jonjo,Shelvey,0,1,24,748,12,286.5,162.4,118,0,116,56.7,3,0,0,0.3,53,Jonjo,Shelvey,318
Mohamed,Diamé,0,0,46,1835,28,70.7,254.4,146,0,171,47.3,6,0,3,0.1,48,Mohamed,Diamé,319
Christian,Atsu,0,0,35,1178,13,210.6,161.8,233,0,110,60.5,5,0,2,0.1,51,Christian,Atsu,320
Jacob,Murphy,0,1,16,296,8,31.1,53.6,22,0,50,10.7,1,0,0,0,47,Jacob,Murphy,321
Mikel,Merino,0,0,0,0,0,0,0,0,0,0,0,0,0,0,0,50,Mikel,Merino,322
Isaac,Hayden,1,3,46,1028,12,171.1,266,125,4,197,56.2,5,1,0,2.1,44,Isaac,Hayden,323
Sung-yueng,Ki,0,1,25,844,12,212.5,123.8,25,1,139,36.1,2,0,1,0.1,47,Sung-yueng,Ki,324
Dwight,Gayle,0,0,0,0,0,0,0,0,0,0,0,0,0,0,0.1,60,Dwight,Gayle,325
Ayoze,Pérez,4,1,76,2107,24,420.3,425,521,7,280,136.6,9,0,1,1.1,61,Ayoze,Pérez,326
Jose Luis,Mato Sanmartín,2,0,30,586,15,35.9,121.4,290,3,89,44.6,1,0,1,2.2,47,Jose Luis,Mato Sanmartín,327
Alex,McCarthy,0,0,73,2250,44,0,585.2,0,6,414,58.6,4,0,1,2.6,44,Alex,McCarthy,328
Fraser,Forster,0,0,0,0,0,0,0,0,0,0,0,0,0,0,0.6,42,Fraser,Forster,329
Ryan,Bertrand,1,0,40,1260,23,277.1,221.4,92,1,202,58.9,5,0,5,1.9,48,Ryan,Bertrand,330
Maya,Yoshida,0,0,24,889,17,34.7,201.8,74,2,168,31.1,2,0,0,0.6,41,Maya,Yoshida,331
Cédric,Soares,1,2,52,1493,31,226.5,309,103,7,273,63.9,4,0,4,2.4,42,Cédric,Soares,332
Jack,Stephens,1,0,40,1272,25,62.8,314.8,139,4,227,51.7,3,0,3,0.4,42,Jack,Stephens,333
Sam,McQueen,0,0,0,0,0,0,0,0,0,0,0,0,0,0,0.5,40,Sam,McQueen,334
Jan,Bednarek,0,1,31,1250,18,73.1,395.2,12,2,216,48.3,2,0,5,7,40,Jan,Bednarek,335
Wesley,Hoedt,0,0,29,1170,24,20,283.6,41,3,206,34.7,4,0,2,0.2,42,Wesley,Hoedt,336
Steven,Davis,0,1,9,97,4,41.6,38.8,2,2,39,8.2,0,0,0,0,46,Steven,Davis,337
James,Ward-Prowse,4,0,55,1107,23,468.6,367.8,257,9,237,109.3,2,0,2,2.1,51,James,Ward-Prowse,338
Oriol,Romeu Vidal,1,0,42,1489,25,101.7,345.2,94,3,205,54.2,4,0,6,1.7,42,Oriol,Romeu Vidal,339
Pierre-Emile,Højbjerg,3,1,55,1860,40,318.9,421.4,315,4,308,106,3,2,6,2.5,44,Pierre-Emile,Højbjerg,340
Sofiane,Boufal,0,0,0,0,0,0,0,0,0,0,0,0,0,0,0,55,Sofiane,Boufal,341
Joshua,Sims,0,0,0,0,0,0,0,0,0,0,0,0,0,0,0,44,Joshua,Sims,342
Nathan,Redmond,3,3,91,2419,40,575.9,414,558,6,289,154.4,8,0,2,2.6,53,Nathan,Redmond,343
Mario,Lemina,0,2,40,1477,32,169.8,257.4,172,1,223,60,4,0,5,0.2,47,Mario,Lemina,344
Stuart,Armstrong,3,0,49,1109,21,299.5,237.4,319,2,180,85.5,3,0,2,0.3,51,Stuart,Armstrong,345
Mohamed,Elyounoussi,0,0,26,695,7,221.2,80.6,208,0,82,50.9,4,0,0,0.1,60,Mohamed,Elyounoussi,346
Shane,Long,1,2,37,830,16,118.2,110.8,248,3,90,47.7,1,0,2,2.5,48,Shane,Long,347
Charlie,Austin,2,1,37,840,13,102.2,136.8,364,1,100,60,5,0,1,0.4,55,Charlie,Austin,348
Manolo,Gabbiadini,1,0,23,468,12,72.7,74.4,167,3,56,30.8,0,0,0,0.1,56,Manolo,Gabbiadini,349
Guido,Carrillo,0,0,0,0,0,0,0,0,0,0,0,0,0,0,0,55,Guido,Carrillo,350
Hugo,Lloris,0,0,105,2160,24,0,620.6,0,7,506,62.1,9,0,0,5.5,55,Hugo,Lloris,351
Michel,Vorm,0,0,5,180,4,0,66.8,0,1,36,6.6,0,0,0,0.1,47,Michel,Vorm,352
Toby,Alderweireld,0,0,87,2259,24,88.7,550.2,175,5,520,81.2,10,0,2,3.9,60,Toby,Alderweireld,353
Danny,Rose,0,4,65,1181,9,264.9,236.2,187,5,250,68.8,6,0,4,1,58,Danny,Rose,354
Jan,Vertonghen,1,0,44,1287,17,84.6,328.4,90,6,263,50.1,3,1,1,4.1,59,Jan,Vertonghen,355
Ben,Davies,0,0,44,1355,20,218.4,284.6,93,4,250,59.8,4,0,2,1.6,56,Ben,Davies,356
Kieran,Trippier,1,5,95,1825,19,649.4,480.2,112,10,463,124.2,8,0,2,17.9,62,Kieran,Trippier,357
Kyle,Walker-Peters,0,3,20,104,0,35.6,63.2,9,3,60,10.7,1,0,0,0.8,42,Kyle,Walker-Peters,358
Davinson,Sánchez,1,2,61,1333,15,23.9,322.6,128,4,304,47.6,5,0,2,1.7,58,Davinson,Sánchez,359
Serge,Aurier,0,2,24,562,9,108.4,151.6,45,0,116,30.5,2,0,1,0.5,58,Serge,Aurier,360
Eric,Dier,2,0,41,1129,12,115.8,240.8,74,1,195,43.2,5,0,3,1,47,Eric,Dier,361
Mousa,Dembélé,0,0,14,512,6,17.5,51,1,0,74,7.1,1,0,1,0.7,49,Mousa,Dembélé,362
Erik,Lamela,4,2,58,858,10,297.9,254.6,434,4,200,98.5,4,0,1,0.4,60,Erik,Lamela,363
Christian,Eriksen,5,9,111,1870,27,727.3,593,452,11,468,177.5,5,0,2,6.3,94,Christian,Eriksen,364
Bamidele,Alli,5,2,73,1193,14,254.3,362,503,8,257,112,6,0,2,2.3,88,Bamidele,Alli,365
Victor,Wanyama,0,0,7,157,0,7.3,23,21,0,28,5.1,1,0,0,0,49,Victor,Wanyama,366
Heung-Min,Son,11,7,136,1511,16,366.9,593,753,15,428,171.2,8,0,2,24.2,89,Heung-Min,Son,367
Harry,Winks,1,0,52,1568,17,167.4,265.4,71,3,271,50.3,6,0,4,0.3,55,Harry,Winks,368
Moussa,Sissoko,0,2,58,1725,21,290.5,251.6,136,3,303,67.7,8,0,0,0.3,49,Moussa,Sissoko,369
Lucas,Rodrigues Moura da Silva,6,2,88,1451,13,289.1,354.6,419,5,222,105.9,10,0,2,5.5,68,Lucas,Rodrigues Moura da Silva,370
Fernando,Llorente,1,3,28,373,5,120.6,105.6,199,3,69,42.4,0,0,1,1.4,55,Fernando,Llorente,371
Harry,Kane,15,6,141,2063,26,384.2,738.8,1130,21,509,225.3,8,0,5,13.7,124,Harry,Kane,372
Heurelho,Gomes,0,0,0,0,0,0,0,0,0,0,0,0,0,0,0.3,43,Heurelho,Gomes,373
Pontus,Dahlberg,0,0,0,0,0,0,0,0,0,0,0,0,0,0,0.1,43,Pontus,Dahlberg,374
Younes,Kaboul,0,0,0,0,0,0,0,0,0,0,0,0,0,0,0.1,42,Younes,Kaboul,375
Craig,Cathcart,3,0,81,2421,40,22,593.8,241,5,435,85.9,6,0,2,2.5,46,Craig,Cathcart,376
Sebastian,Prödl,0,0,1,13,0,0,0,0,0,2,0,0,0,0,0.1,42,Sebastian,Prödl,377
José,Holebas,3,7,93,1985,30,503.3,570.2,127,10,406,120.3,5,0,10,10.8,48,José,Holebas,378
Miguel,Britos,0,0,1,13,0,0,1.2,0,0,3,0.1,0,0,0,0,43,Miguel,Britos,379
Christian,Kabasele,0,0,29,1131,18,12.6,248.8,169,1,150,43,3,1,1,0.3,44,Christian,Kabasele,380
Daryl,Janmaat,0,1,37,1061,15,152.1,249.8,60,4,200,46.3,3,0,2,0.3,49,Daryl,Janmaat,381
Adrian,Mariappa,0,0,50,1462,23,26.6,308.6,58,2,286,39.3,5,0,1,0.7,42,Adrian,Mariappa,382
Francisco,Femenía Far,0,1,50,1390,24,176.4,291.2,29,6,299,49.6,4,0,1,0.8,42,Francisco,Femenía Far,383
Marvin,Zeegelaar,0,0,0,0,0,0,0,0,0,0,0,0,0,0,0,42,Marvin,Zeegelaar,384
Marc,Navarro,0,0,1,83,2,5.3,15,2,0,8,2.2,0,0,0,0,42,Marc,Navarro,385
Adam,Masina,0,1,20,534,10,59.7,133,16,1,119,20.9,2,0,3,0.1,43,Adam,Masina,386
Nathaniel,Chalobah,0,0,7,192,4,14.9,25.2,31,0,26,7.2,0,0,2,0.1,44,Nathaniel,Chalobah,387
Tom,Cleverley,1,0,22,356,3,30.6,90.8,38,2,78,16,3,0,1,0,50,Tom,Cleverley,388
Etienne,Capoue,1,3,67,2147,32,173.6,500.8,129,8,362,80.4,8,1,8,0.5,48,Etienne,Capoue,389
Abdoulaye,Doucouré,3,6,91,2161,37,380,529.8,455,10,398,136.5,5,0,3,1.3,59,Abdoulaye,Doucouré,390
Roberto,Pereyra,6,4,109,2232,39,335.2,370.4,573,13,357,128.2,6,0,3,10,61,Roberto,Pereyra,391
Will,Hughes,1,3,59,1674,27,277.7,286.6,244,2,198,80.8,6,0,3,0.5,49,Will,Hughes,392
Richarlison,de Andrade,10,2,117,2029,33,221.9,525.4,852,11,289,158.8,7,1,3,19.7,66,Richarlison,de Andrade,393
Gerard,Deulofeu,6,4,91,1452,18,319.7,349,440,7,243,110.5,7,0,2,3.3,56,Gerard,Deulofeu,394
Andre,Gray,4,0,45,800,13,115.9,171,374,4,121,65.3,3,0,1,0.5,59,Andre,Gray,395
Troy,Deeney,7,3,90,2066,32,420.4,471.6,782,9,321,167.1,5,0,3,4.6,59,Troy,Deeney,396
Stefano,Okaka,0,0,1,22,1,24.7,3.2,26,0,-1,5.2,0,0,1,0.1,50,Stefano,Okaka,397
Jerome,Sinclair,0,0,0,0,0,0,0,0,0,0,0,0,0,0,0.4,44,Jerome,Sinclair,398
Adrián,San Miguel del Castillo,0,0,0,0,0,0,0,0,0,0,0,0,0,0,0.3,43,Adrián,San Miguel del Castillo,399
Lukasz,Fabianski,0,0,107,2520,41,10,832.6,0,13,541,84.1,4,0,0,16.8,47,Lukasz,Fabianski,400
Winston,Reid,0,0,0,0,0,0,0,0,0,0,0,0,0,0,0,44,Winston,Reid,401
Aaron,Cresswell,0,0,26,1195,17,202.3,229.8,57,0,184,49,1,0,1,0.6,50,Aaron,Cresswell,402
Angelo,Ogbonna,0,1,29,1236,23,39,260.8,105,1,190,40.4,1,0,1,0.5,42,Angelo,Ogbonna,403
Sam,Byram,0,0,0,0,0,0,0,0,0,0,0,0,0,0,0,45,Sam,Byram,404
Pablo,Zabaleta,0,1,49,1680,26,126.4,369,78,4,301,57.5,4,0,4,2,43,Pablo,Zabaleta,405
Declan,Rice,1,0,64,2205,33,134.5,425.8,158,5,418,71.7,4,0,2,2.5,45,Declan,Rice,406
Reece,Oxford,0,0,0,0,0,0,0,0,0,0,0,0,0,0,0.1,42,Reece,Oxford,407
Ryan,Fredericks,0,0,8,595,11,46.1,118,29,0,57,19.5,0,0,3,0.2,45,Ryan,Fredericks,408
Issa,Diop,1,0,61,2340,35,48.8,519.6,138,2,412,70.7,4,0,3,1.1,43,Issa,Diop,409
Arthur,Masuaku,0,1,34,1251,24,104,310,35,0,217,45,2,0,1,1.8,43,Arthur,Masuaku,410
Mark,Noble,1,3,52,1602,22,219.9,266,105,2,245,59,4,1,5,0.4,48,Mark,Noble,411
Cheikhou,Kouyaté,0,2,51,1452,23,171.2,233.4,171,0,182,57.3,8,0,2,0.2,47,Cheikhou,Kouyaté,412
Pedro,Obiang,0,1,32,920,17,77.2,152.8,101,1,139,33.1,1,0,0,0.8,43,Pedro,Obiang,413
Manuel,Lanzini,0,0,1,59,1,12.8,4.4,26,0,7,4.3,0,0,1,0.1,64,Manuel,Lanzini,414
Michail,Antonio,4,5,83,1594,24,268.4,348,582,4,223,119.4,5,0,3,1.5,68,Michail,Antonio,415
Edimilson,Fernandes,0,0,0,0,0,0,0,0,0,0,0,0,0,0,0.1,45,Edimilson,Fernandes,416
Marko,Arnautovic,7,4,83,1364,24,347,396.6,654,12,294,139.1,2,0,3,6.9,68,Marko,Arnautovic,417
Andy,Carroll,0,0,12,454,7,51.4,41.8,169,0,10,25.8,0,0,2,0.1,54,Andy,Carroll,418
Javier,Hernández Balcázar,5,3,64,960,15,92.1,225.6,433,7,202,74.5,5,0,1,1.5,61,Javier,Hernández Balcázar,419
Jordan,Hugill,0,0,0,0,0,0,0,0,0,0,0,0,0,0,0,50,Jordan,Hugill,420
John,Ruddy,0,0,0,0,0,0,0,0,0,0,0,0,0,0,0.2,42,John,Ruddy,421
Will,Norris,0,0,0,0,0,0,0,0,0,0,0,0,0,0,2,39,Will,Norris,422
Willy,Boly,3,0,84,2268,32,66,690.4,200,8,440,95.2,5,1,1,4.3,46,Willy,Boly,423
Barry,Douglas,0,0,0,0,0,0,0,0,0,0,0,0,0,0,0,50,Barry,Douglas,424
Matt,Doherty,3,6,110,2396,33,422.9,592.6,547,9,452,156,6,0,3,26.3,55,Matt,Doherty,425
Romain,Saïss,2,0,37,776,11,44.2,241.4,124,4,167,40.8,2,0,5,0.5,42,Romain,Saïss,426
Ryan,Bennett,1,0,67,2430,33,122.2,448,128,1,363,69.9,6,0,9,11.8,42,Ryan,Bennett,427
Danny,Batth,0,0,0,0,0,0,0,0,0,0,0,0,0,0,0.6,40,Danny,Batth,428
Roderick Jefferson,Gonçalves Miranda,0,0,0,0,0,0,0,0,0,0,0,0,0,0,0,40,Roderick Jefferson,Gonçalves Miranda,429
Conor,Coady,0,0,66,2520,35,22.9,435,0,5,435,45.6,6,0,5,0.7,45,Conor,Coady,430
Rúben Gonçalo,Silva Nascimento Vinagre,0,0,13,508,8,78.9,88,21,0,76,18.8,0,0,1,0.1,43,Rúben Gonçalo,Silva Nascimento Vinagre,431
Diogo,Jota,5,5,84,1540,20,291.1,320.2,535,6,242,114.7,6,0,7,3.7,61,Diogo,Jota,432
Rúben Diogo,da Silva Neves,3,2,74,2225,33,313.7,522.6,323,4,357,116,6,0,7,11.1,49,Rúben Diogo,da Silva Neves,433
Ivan,Cavaleiro,3,1,43,572,9,299.1,192,148,3,149,63.2,1,0,1,0.1,52,Ivan,Cavaleiro,434
Hélder,Costa,1,2,50,1312,18,262.5,162.2,278,0,135,70.5,5,0,3,0.4,47,Hélder,Costa,435
Bright,Enobakhare,0,0,0,0,0,0,0,0,0,0,0,0,0,0,0.1,43,Bright,Enobakhare,436
Raúl,Jiménez,10,7,133,2286,31,497.9,603.6,1067,22,450,216.6,8,0,3,35.8,69,Raúl,Jiménez,437
Bonatini Lohner Maia,Bonatini,0,1,10,130,0,30.9,24.6,90,0,19,13.6,0,0,0,0.4,46,Bonatini Lohner Maia,Bonatini,438
Jason,Steele,0,0,0,0,0,0,0,0,0,0,0,0,0,0,1.2,40,Jason,Steele,439
Bernardo,Fernandes da Silva Junior,0,1,22,904,13,89.1,224.8,35,0,146,35,1,0,2,0.1,42,Bernardo,Fernandes da Silva Junior,440
Joel,Ward,1,0,11,281,7,15.4,98,41,0,40,15.5,0,0,0,0.2,43,Joel,Ward,441
Jaroslaw,Jach,0,0,0,0,0,0,0,0,0,0,0,0,0,0,0,40,Jaroslaw,Jach,442
Pape,Souaré,0,0,1,1,0,0.1,1,0,0,3,0.1,0,0,0,0.1,42,Pape,Souaré,443
Connor,Wickham,0,1,8,60,1,41.9,23.2,53,0,20,11.8,0,0,0,0.1,49,Connor,Wickham,444
Ben,Foster,0,0,106,2520,40,50,711,1,11,539,76.3,7,0,1,6.4,46,Ben,Foster,445
Ken,Sema,1,2,34,653,8,80.2,116.4,140,1,87,33.4,3,0,1,0.2,46,Ken,Sema,446
Jack,Wilshere,0,1,11,338,9,44.8,64.4,11,0,67,12,1,0,2,0.9,48,Jack,Wilshere,447
Morgan,Gibbs-White,0,1,26,473,10,105,51.4,48,0,77,20.2,2,0,1,0.6,43,Morgan,Gibbs-White,448
Rafa,Mir,0,0,0,0,0,0,0,0,0,0,0,0,0,0,0.1,45,Rafa,Mir,449
Lucas,Torreira,2,4,74,2027,29,265.3,402.8,178,6,380,84.9,5,0,6,4.3,48,Lucas,Torreira,450
Matteo,Guendouzi,0,0,37,1643,25,253.8,261.4,124,0,254,64,2,0,5,1.9,44,Matteo,Guendouzi,451
Angus,Gunn,0,0,20,270,2,0,92.4,0,3,72,9.2,2,0,0,0.2,43,Angus,Gunn,452
Andriy,Yarmolenko,2,1,27,456,6,84.6,86,122,2,88,29.1,1,0,2,0.5,67,Andriy,Yarmolenko,453
Rui Pedro,dos Santos Patrício,0,0,91,2520,35,0,565.4,0,4,457,56.2,6,0,0,9,45,Rui Pedro,dos Santos Patrício,454
Maxime,Le Marchand,0,1,20,1620,42,116,430,73,1,278,62.2,0,0,2,0.1,42,Maxime,Le Marchand,455
Jean Michael,Seri,1,3,64,2049,50,788.2,436.6,139,6,388,136.6,2,0,6,1.4,49,Jean Michael,Seri,456
Danny,Ward,0,0,0,0,0,0,0,0,0,0,0,0,0,0,0.1,43,Danny,Ward,457
Robert Kenedy,Nunes do Nascimento,1,1,46,1239,16,175.2,201.2,289,1,146,66.5,6,0,1,0.6,48,Robert Kenedy,Nunes do Nascimento,458
Jorge Luiz,Frello Filho,1,0,65,2252,27,419.2,480,73,1,401,97.3,12,0,5,5.6,46,Jorge Luiz,Frello Filho,459
Cyrus,Christie,0,0,27,1493,31,255,302.2,84,0,193,64.1,2,0,4,0.1,42,Cyrus,Christie,460
Erik,Durm,0,1,42,1306,22,166.1,190.6,103,2,209,46,3,0,0,0.1,44,Erik,Durm,461
Xherdan,Shaqiri,6,4,82,1010,6,311.4,343.6,281,4,280,93.6,7,0,2,2.4,69,Xherdan,Shaqiri,462
Jannik,Vestergaard,0,0,44,1675,24,74.9,455.2,80,0,340,61.1,4,0,2,0.3,46,Jannik,Vestergaard,463
Fabián,Balbuena,1,0,44,1473,25,36.1,401.6,167,3,272,60.7,3,0,2,0.3,42,Fabián,Balbuena,464
Felipe Anderson,Pereira Gomes,8,4,126,2370,38,811.8,699.8,571,17,491,208,5,0,3,15.4,72,Felipe Anderson,Pereira Gomes,465
Yves,Bissouma,0,0,26,1014,17,108.9,129.2,136,0,83,37.4,1,0,3,0,46,Yves,Bissouma,466
Greg,Cunninghamm,0,0,9,630,17,69.7,106.4,19,0,72,19.6,1,0,3,0,42,Greg,Cunninghamm,467
Alisson,Ramses Becker,0,0,135,2520,15,0.1,519.2,0,8,578,51.8,16,0,0,24.5,60,Alisson,Ramses Becker,468
Kevin,Mirallas,0,0,0,0,0,0,0,0,0,0,0,0,0,0,0,55,Kevin,Mirallas,469
Sandro,Ramírez,0,0,0,0,0,0,0,0,0,0,0,0,0,0,0.1,54,Sandro,Ramírez,470
Adama,Diakhaby,0,1,18,547,16,80.6,40,115,0,37,23.4,1,0,1,0,45,Adama,Diakhaby,471
Daniel,Sturridge,2,0,25,331,2,78.5,100,162,2,94,33.7,1,0,1,1,56,Daniel,Sturridge,472
Diego,Rico,0,0,5,520,17,166,98.8,27,0,77,29.1,0,0,1,0,41,Diego,Rico,473
Fabricio,Agosto Ramírez,0,0,8,180,5,0,115.2,0,2,47,11.5,0,0,0,0.2,43,Fabricio,Agosto Ramírez,474
João Filipe Iria,Santos Moutinho,1,7,95,2202,28,834.3,607,60,11,451,150.3,7,0,2,8.6,54,João Filipe Iria,Santos Moutinho,475
Alireza,Jahanbakhsh,0,0,16,461,5,61.7,46.2,73,0,32,18,3,0,2,0.6,67,Alireza,Jahanbakhsh,476
Sullay,Kaikai,0,0,0,0,0,0,0,0,0,0,0,0,0,0,0.1,43,Sullay,Kaikai,477
André,Schürrle,6,0,73,1609,43,305.4,356.2,462,2,254,111.7,2,0,2,2.5,55,André,Schürrle,478
Matt,Targett,0,3,28,1095,23,362.1,273.2,124,3,207,76,0,0,2,0.2,42,Matt,Targett,479
Aleksandar,Mitrovic,10,3,110,2470,62,405.6,561.2,1202,12,321,217.2,2,0,6,13.8,65,Aleksandar,Mitrovic,480
Andreas,Pereira,0,0,10,304,6,27.6,36,24,0,45,8.8,1,0,2,0.2,45,Andreas,Pereira,481
Fabian,Schär,3,1,67,1328,13,97.2,499,156,6,282,75.2,5,0,8,2.2,47,Fabian,Schär,482
Jonathan,Castro Otto,1,1,72,2069,29,322.3,397.8,276,5,345,99.8,6,0,5,3.2,44,Jonathan,Castro Otto,483
Lucas,Digne,3,3,92,2070,31,749.6,613.8,215,12,470,157.8,6,1,4,7.8,53,Lucas,Digne,484
Anders,Lindegaard,0,0,0,0,0,0,0,0,0,0,0,0,0,0,0.1,43,Anders,Lindegaard,485
Max,Meyer,1,3,47,1012,17,242.2,186.4,364,0,171,79.1,4,0,2,0.2,56,Max,Meyer,486
Alfie,Mawson,0,0,18,1035,22,22.4,234.6,29,2,155,28.6,1,0,2,0.1,48,Alfie,Mawson,487
Yoshinori,Muto,1,0,20,459,9,55.2,67,134,0,56,25.2,1,0,0,0.1,56,Yoshinori,Muto,488
Robert,Snodgrass,2,4,69,1662,25,741.7,381.8,286,9,290,140.7,3,0,8,1.1,50,Robert,Snodgrass,489
Joe,Hart,0,0,69,1710,41,10.1,594.6,0,7,378,60.3,4,0,0,5.1,43,Joe,Hart,490
Ben,Gibson,1,0,6,62,3,0.4,42.4,33,0,17,7.6,0,0,1,0.1,48,Ben,Gibson,491
Rachid,Ghezzal,1,0,26,714,13,304.5,144.2,226,2,104,67.4,1,0,3,0.1,50,Rachid,Ghezzal,492
Salomón,Rondón,7,4,94,1701,17,259.4,401,795,14,288,145.2,7,0,1,8.3,59,Salomón,Rondón,493
Jefferson,Lerma,1,1,45,1742,34,151.3,341.2,153,3,250,64.7,6,0,10,0.3,45,Jefferson,Lerma,494
Matej,Vydra,1,0,14,269,6,22.8,47.2,91,0,42,15.8,0,0,1,0,56,Matej,Vydra,495
Tammy,Abraham,0,0,0,0,0,0,0,0,0,0,0,0,0,0,0.1,54,Tammy,Abraham,496
Georges-Kévin,Nkoudou,0,1,4,4,0,14.3,19,0,0,17,3.3,0,0,0,0,48,Georges-Kévin,Nkoudou,497
Kepa,Arrizabalaga,0,0,100,2340,29,0.1,447.4,0,4,493,44.5,11,0,1,4.6,55,Kepa,Arrizabalaga,498
Mateo,Kovacic,0,2,54,1326,16,393.7,235,264,2,267,89.6,8,0,1,0.7,57,Mateo,Kovacic,499
Adama,Traoré,1,1,34,684,9,230.3,186,246,2,136,66.1,0,0,1,0.3,51,Adama,Traoré,500
Filip,Benkovic,0,0,0,0,0,0,0,0,0,0,0,0,0,0,0,50,Filip,Benkovic,501
Lucas,Pérez,2,0,22,369,10,85.3,85,90,3,87,26,0,0,0,0.1,62,Lucas,Pérez,502
Martín,Montoya,0,1,33,1710,33,265.4,365.2,47,1,283,67.8,2,0,3,0.2,43,Martín,Montoya,503
Víctor,Camarasa,3,3,73,1889,43,590.8,372.8,235,4,281,120,6,0,5,2.2,46,Víctor,Camarasa,504
Jordan,Ayew,1,2,40,1087,12,169.5,130.8,369,2,98,66.8,5,0,3,0.2,57,Jordan,Ayew,505
Yerry,Mina,1,0,29,696,9,37,160,41,2,132,23.8,2,0,3,0.5,54,Yerry,Mina,506
Bernard,Anício Caldeira Duarte,0,4,55,1291,14,403.5,226.8,162,4,195,79.2,6,0,5,0.2,59,Bernard,Anício Caldeira Duarte,507
André Filipe,Tavares Gomes,1,1,48,1511,22,107,210.4,142,2,219,45.9,6,0,5,0.2,54,André Filipe,Tavares Gomes,508
Sergio,Rico,0,0,49,1710,38,20.3,509.4,0,3,322,52.9,2,0,0,0.4,44,Sergio,Rico,509
Joe,Bryan,0,1,28,1444,36,224,281,105,1,234,61,2,0,2,0.1,48,Joe,Bryan,510
Timothy,Fosu-Mensah,0,0,4,564,15,88.3,73.8,28,0,68,18.9,0,0,3,0.3,45,Timothy,Fosu-Mensah,511
André-Frank,Zambo Anguissa,0,0,18,771,20,60.7,144.2,74,0,112,27.9,0,1,0,0.1,44,André-Frank,Zambo Anguissa,512
Luciano,Vietto,1,4,45,962,20,294.3,202.2,340,4,164,83.3,1,0,1,0.5,53,Luciano,Vietto,513
Isaac,Mbenza,0,1,24,586,13,69.7,59,134,0,82,25.9,0,0,1,0,59,Isaac,Mbenza,514
Çaglar,Söyüncü,0,0,7,281,3,2.2,59.2,22,0,37,8.4,0,0,1,0,49,Çaglar,Söyüncü,515
Federico,Fernández,0,2,42,1260,21,52.5,313.8,68,5,244,43.5,3,0,2,0.2,44,Federico,Fernández,516
Domingos,Quina,1,0,16,322,5,39.7,63.4,22,2,61,12.5,0,0,0,0.1,44,Domingos,Quina,517
Carlos,Sánchez,0,0,7,217,4,27.7,20.2,24,0,37,7.2,0,0,0,0.1,43,Carlos,Sánchez,518
Leander,Dendoncker,1,0,23,670,11,56.6,167.8,103,1,100,32.8,1,0,1,0.7,43,Leander,Dendoncker,519
Lee,Grant,0,0,0,0,0,0,0,0,0,0,0,0,0,0,0,49,Lee,Grant,520
Ibrahima,Cissé,0,0,4,86,4,2.1,11.6,0,0,16,1.4,0,0,0,0.1,43,Ibrahima,Cissé,521
Jon Gorenc,Stankovic,1,0,13,172,6,1.9,67.8,52,1,52,12.2,1,0,0,2.8,39,Jon Gorenc,Stankovic,522
Luke,Amos,0,0,1,2,0,0.1,2.2,0,0,3,0.2,0,0,0,0.1,43,Luke,Amos,523
Isaac,Success Ajayi,1,0,32,882,17,247.1,114,306,0,91,66.5,2,0,3,2.6,46,Isaac,Success Ajayi,524
Kortney,Hause,0,0,0,0,0,0,0,0,0,0,0,0,0,0,0.2,40,Kortney,Hause,525
Kurt,Zouma,1,2,62,1803,32,76.8,397,138,7,334,61.5,4,1,3,0.6,50,Kurt,Zouma,526
Nampalys,Mendy,0,1,51,2007,28,116.9,224.6,22,0,270,36.4,7,0,5,1,45,Nampalys,Mendy,527
Kieran,Dowell,0,0,0,0,0,0,0,0,0,0,0,0,0,0,0,45,Kieran,Dowell,528
Arijanet,Muric,0,0,0,0,0,0,0,0,0,0,0,0,0,0,0,45,Arijanet,Muric,529
Jamie,Sterry,0,0,0,0,0,0,0,0,0,0,0,0,0,0,0.1,40,Jamie,Sterry,530
Sean,Longstaff,1,1,26,641,7,61,126.6,106,1,113,29.4,3,0,1,0.1,45,Sean,Longstaff,531
Tyias,Browning,0,0,0,0,0,0,0,0,0,0,0,0,0,0,0.1,40,Tyias,Browning,532
Ryan,Schofield,0,0,0,0,0,0,0,0,0,0,0,0,0,0,0.1,40,Ryan,Schofield,533
Dwight,McNeil,1,3,37,809,11,268.6,227,206,1,161,70,3,0,1,0.5,44,Dwight,McNeil,534
Kadeem,Harris,1,1,23,355,6,87.7,85.2,87,0,77,26,1,0,1,0,45,Kadeem,Harris,535
Paulo,Gazzaniga,0,0,10,180,1,0,55.6,0,0,48,5.5,1,0,0,0,45,Paulo,Gazzaniga,536
Brian,Murphy,0,0,0,0,0,0,0,0,0,0,0,0,0,0,0.2,40,Brian,Murphy,537
Alfie,Whiteman,0,0,0,0,0,0,0,0,0,0,0,0,0,0,0.2,40,Alfie,Whiteman,538
Grady,Diangana,0,1,20,482,12,156.1,103,140,0,69,39.7,1,0,0,0,45,Grady,Diangana,539
Oliver,Skipp,0,0,10,185,1,18.5,28.6,12,0,34,6.1,2,0,0,0,45,Oliver,Skipp,540
Zeze Steven,Sessegnon,0,0,0,0,0,0,0,0,0,0,0,0,0,0,0.1,40,Zeze Steven,Sessegnon,541
Emiliano,Martínez,0,0,0,0,0,0,0,0,0,0,0,0,0,0,0.3,40,Emiliano,Martínez,542
Divock,Origi,2,1,21,191,1,37.8,101.4,113,1,82,25.2,1,0,0,0.1,50,Divock,Origi,543
Ben,Wilmot,0,0,1,26,2,0.3,7.2,0,0,8,0.8,0,0,0,0.1,40,Ben,Wilmot,544
Emile,Smith-Rowe,0,0,0,0,0,0,0,0,0,0,0,0,0,0,0,45,Emile,Smith-Rowe,545
Zech,Medley,0,0,0,0,0,0,0,0,0,0,0,0,0,0,0.1,40,Zech,Medley,546
Joe,Powell,0,0,0,0,0,0,0,0,0,0,0,0,0,0,0,45,Joe,Powell,547
Conor,Coventry,0,0,0,0,0,0,0,0,0,0,0,0,0,0,0,45,Conor,Coventry,548
Juan,Foyth,1,0,26,615,9,5.8,181,46,3,116,23.4,2,0,2,0.2,50,Juan,Foyth,549
Michael,Obafemi,1,1,13,134,3,27.4,62.6,127,0,46,21.6,0,0,1,0,50,Michael,Obafemi,550
Viktor,Gyokeres,0,0,0,0,0,0,0,0,0,0,0,0,0,0,0.1,45,Viktor,Gyokeres,551
Edward,Nketiah,0,0,1,1,0,0,0,0,0,3,0,0,0,0,0,50,Edward,Nketiah,552
Frederick,Woodman,0,0,0,0,0,0,0,0,0,0,0,0,0,0,0.2,40,Frederick,Woodman,553
Adalberto,Peñaranda,0,0,0,0,0,0,0,0,0,0,0,0,0,0,0,50,Adalberto,Peñaranda,554
Ryan John,Giles,0,0,0,0,0,0,0,0,0,0,0,0,0,0,0,45,Ryan John,Giles,555
Yan,Valery,0,0,23,984,14,58.4,161.4,84,0,140,30,2,1,2,0.5,40,Yan,Valery,556
Rafael,Camacho,0,0,1,1,1,0,2,0,0,3,0.2,0,0,0,0,50,Rafael,Camacho,557
Josh,Knight,0,0,0,0,0,0,0,0,0,0,0,0,0,0,0,40,Josh,Knight,558
Ben,White,0,0,0,0,0,0,0,0,0,0,0,0,0,0,0,40,Ben,White,559
Alexandre Nascimento,Costa Silva,0,0,1,17,0,10.3,2,36,0,3,4.8,0,0,0,0.1,45,Alexandre Nascimento,Costa Silva,560
Timothy,Eyoma,0,0,0,0,0,0,0,0,0,0,0,0,0,0,0,40,Timothy,Eyoma,561
Tyreke,Johnson,0,0,1,1,0,0,0,0,0,3,0,0,0,0,0,45,Tyreke,Johnson,562
Bukayo,Saka,0,0,1,7,0,0,0,0,0,3,0,0,0,0,0,45,Bukayo,Saka,563
Abd-Al-Ali Morakinyo Olaposi,Koiki,0,0,0,0,0,0,0,0,0,0,0,0,0,0,0,40,Abd-Al-Ali Morakinyo Olaposi,Koiki,564
Kayne,Ramsay,0,0,1,90,3,0,11.2,0,0,9,1.1,0,0,0,0,40,Kayne,Ramsay,565
Joseph,Willock,0,0,1,2,1,0,1,0,0,3,0.1,0,0,0,0,45,Joseph,Willock,566
Max,Kilman,0,0,0,0,0,0,0,0,0,0,0,0,0,0,0,40,Max,Kilman,567
Angel,Gomes,0,0,1,9,1,0.3,5.2,17,0,3,2.3,0,0,0,0,50,Angel,Gomes,568
Samir,Nasri,0,1,9,180,1,53.7,23,16,0,29,9.3,1,0,0,0.4,53,Samir,Nasri,569
Callum,Slattery,0,0,4,110,1,2.6,15.8,24,0,12,4.2,0,0,0,0,45,Callum,Slattery,570
Harvey,Barnes,0,2,17,468,10,115.7,64.8,308,0,56,48.8,0,0,0,0.3,55,Harvey,Barnes,571
Max,Sanders,0,0,0,0,0,0,0,0,0,0,0,0,0,0,0,45,Max,Sanders,572
Rhys,Healey,0,0,1,17,0,0.3,1.2,0,0,1,0.2,0,0,0,0.1,45,Rhys,Healey,573
Sam,Gallagher,0,0,2,8,1,0.3,0,0,0,6,0,0,0,0,0.1,45,Sam,Gallagher,574
Ryan,Babel,1,2,20,487,13,113.8,86.2,182,0,72,38.2,0,0,2,0.4,55,Ryan,Babel,575
Joe,Tupper,0,0,0,0,0,0,0,0,0,0,0,0,0,0,0,40,Joe,Tupper,576
Callum,Roberts,0,0,0,0,0,0,0,0,0,0,0,0,0,0,0,45,Callum,Roberts,577
Kazaiah,Sterling,0,0,0,0,0,0,0,0,0,0,0,0,0,0,0,45,Kazaiah,Sterling,578
Gonzalo,Higuaín,2,0,19,327,8,69.9,85.2,158,3,71,31.3,2,0,0,2.7,95,Gonzalo,Higuaín,579
Chris,Mepham,0,0,4,191,6,1,26.6,4,0,34,3.2,0,0,0,0,45,Chris,Mepham,580
Carl,Jenkinson,0,0,3,120,2,14.1,21.6,8,0,12,4.4,0,0,0,0,45,Carl,Jenkinson,581
Dan,Burn,0,0,0,0,0,0,0,0,0,0,0,0,0,0,0,45,Dan,Burn,582
Josh,Benson,0,0,0,0,0,0,0,0,0,0,0,0,0,0,0,45,Josh,Benson,583
Lucas,Perri,0,0,0,0,0,0,0,0,0,0,0,0,0,0,0,40,Lucas,Perri,584
Karlan,Grant,0,1,7,120,2,37.6,7.4,64,0,20,10.9,1,0,0,0,50,Karlan,Grant,585
Denis,Suárez,0,0,3,57,1,4.5,7,0,0,8,1.2,0,0,0,0.2,62,Denis,Suárez,586
Miguel,Almirón,0,0,7,177,1,117.6,39.8,76,0,21,23.3,2,0,0,1.1,60,Miguel,Almirón,587
Antonio,Barreca,0,0,1,4,0,0,0.2,0,0,3,0,0,0,0,0,44,Antonio,Barreca,588
Leandro,Bacuna,0,0,2,212,9,15.7,27,18,0,23,6,0,0,1,0,45,Leandro,Bacuna,589
Peter,Crouch,0,1,4,33,0,0.1,0,46,0,12,4.5,0,0,1,1.3,45,Peter,Crouch,590
Youri,Tielemans,0,1,8,231,6,69.7,46.8,62,0,46,17.9,0,0,1,0.1,60,Youri,Tielemans,591
Michy,Batshuayi,1,1,14,200,3,4.7,54.4,129,1,41,18.4,0,0,0,1.1,65,Michy,Batshuayi,592
Håvard,Nordtveit,0,0,2,180,5,11.1,46.6,0,0,29,5.8,0,0,0,0,45,Håvard,Nordtveit,593
Lazar,Markovic,0,0,1,45,1,13,6.2,4,0,3,2.3,0,0,0,0,50,Lazar,Markovic,594
Alfie,Jones,0,0,0,0,0,0,0,0,0,0,0,0,0,0,0,40,Alfie,Jones,595
Cameron,John,0,0,0,0,0,0,0,0,0,0,0,0,0,0,0,40,Cameron,John,596
Curtis,Jones,0,0,0,0,0,0,0,0,0,0,0,0,0,0,0,45,Curtis,Jones,597
Joel,Coleman,0,0,0,0,0,0,0,0,0,0,0,0,0,0,0,40,Joel,Coleman,598
Sam,Surridge,0,0,1,10,0,1.5,0,4,0,2,0.6,0,0,0,0.1,45,Sam,Surridge,599
Kyle,Taylor,0,0,0,0,0,0,0,0,0,0,0,0,0,0,0,45,Kyle,Taylor,600
Demeaco,Duhaney,0,0,1,45,0,1.6,3.8,0,0,1,0.5,0,0,0,0,40,Demeaco,Duhaney,601
James,Garner,0,0,1,1,0,0,0,0,0,3,0,0,0,0,0,45,James,Garner,602
Tahith,Chong,0,0,0,0,0,0,0,0,0,0,0,0,0,0,0,45,Tahith,Chong,603
Philippe,Sandler,0,0,0,0,0,0,0,0,0,0,0,0,0,0,0,40,Philippe,Sandler,604
Ben,Johnson,0,0,2,62,1,0.4,7.8,0,0,6,0.8,0,0,0,0,40,Ben,Johnson,605
